<?xml version="1.0" encoding="UTF-8"?>
<Configuration status="ERROR">
    <Appenders>
        <Console name="Console" target="SYSTEM_OUT">
            <PatternLayout pattern="%d{HH:mm:ss.SSS} [%t] %-5level %logger{36} - %msg%n"/>
        </Console>
    </Appenders>
    <Loggers>
        <Logger name="com.provectus" level="debug" additivity="false">
            <AppenderRef ref="Console"/>
        </Logger>
        <Logger name="org.springframework.http.codec.json.Jackson2JsonDecoder" level="debug" additivity="false">
            <AppenderRef ref="Console"/>
        </Logger>
        <Logger name="org.springframework.http.codec.json.Jackson2JsonEncoder" level="debug" additivity="false">
            <AppenderRef ref="Console"/>
        </Logger>

        <logger name="reactor.netty.http.server.AccessLog" level="info" additivity="false">
            <appender-ref ref="Console"/>
        </logger>
        <Root level="info">
            <AppenderRef ref="Console"/>
        </Root>
    </Loggers>
</Configuration>
